Nombre,Correo,Teléfono,Plato,Fecha y Hora,Puerta,Horario
Felix Moroni,milagrohuro@gmail.com,9989898,Arroz Chaufa con cecina,2025-06-14 17:56:36,Puerta 3,12:00 - 12:30 PM
Enzo Lopez,zopezlla@gmail.com,987298218,Arroz Chaufa con cecina,2025-06-14 20:50:50,Puerta 3,12:00 - 12:30 PM
Felix Moroni,milagrohuro@gmail.com,9989898,Macarrones con Pollo,2025-07-05 19:03:11,Puerta 3,12:00 - 12:30 PM
Felix Moroni,milagrohuro@gmail.com,89,Macarrones con Pollo,2025-07-05 19:08:17,Puerta 7,1:30 - 2:00 PM
Felix Moroni,milagrohuro@gmail.com,89,Macarrones con Pollo,2025-07-05 19:08:53,Puerta 7,1:30 - 2:00 PM
Felix Moroni,milagrohuro@gmail.com,89,Macarrones con Pollo,2025-07-05 19:09:22,Puerta 7,1:30 - 2:00 PM
Felix Moroni,milagrohuro@gmail.com,998989821,Macarrones con Pollo,2025-07-05 19:12:48,Puerta 3,1:30 - 2:00 PM
owo,milagrohuro@gmail.com,9989898,Macarrones con Pollo,2025-07-05 19:17:33,Puerta 3,12:00 - 12:30 PM
Felix Moroni,milagrohuro@gmail.com,9989898,Macarrones con Pollo,2025-07-05 19:20:32,Puerta 7,12:00 - 12:30 PM
Felix Moroni,milagrohuro@gmail.com,998989821,Macarrones con Pollo,2025-07-05 19:21:39,Puerta 3,1:30 - 2:00 PM
Felix Moroni,milagrohuro@gmail.com,89,Macarrones con Pollo,2025-07-05 19:23:52,Puerta 3,12:00 - 12:30 PM
Felix Moroni,milagrohuro@gmail.com,9989898,Macarrones con Pollo,2025-07-05 21:10:56,Puerta 3,12:00 - 12:30 PM
Felix Moroni,milagrohuro@gmail.com,998989821,Macarrones con Pollo,2025-07-05 21:11:22,Puerta 3,12:00 - 12:30 PM
Felix Moroni,milagrohuro@gmail.com,998989821,Macarrones con Pollo,2025-07-05 21:12:59,Puerta 3,12:00 - 12:30 PM
